<?xml version="1.0" encoding="UTF-8"?>
<updates>
    <update>
        <name>JoomShopping - ConcordPay Payment Gateway</name>
        <description>ConcordPay Payment Gateway for JoomShopping</description>
        <type>plugin</type>
        <element>concordpay</element>
        <folder>joomshopping</folder>
        <client>0</client>
        <version>2.0.2</version>
        <infourl title="ConcordPay">https://concordpay.concord.ua</infourl>
        <downloads>
            <downloadurl type="full" format="zip">https://github.com/webdevconcord/joomla-joomshopping/raw/master/package/plg_joomshopping_concordpay_2.0.2.zip</downloadurl>
        </downloads>
        <tags>
            <tag>stable</tag>
        </tags>
        <maintainer>ConcordPay</maintainer>
        <maintainerurl>https://concordpay.concord.ua</maintainerurl>
        <section>Updates</section>
        <targetplatform name="joomla" version="4.[0123456789]"/>
    </update>
</updates>