<?xml version="1.0" encoding="UTF-8" ?>
<extension version="3.0" type="plugin" group="joomshopping" method="upgrade">
    <name>JoomShopping - ConcordPay Payment Gateway</name>
    <creationDate>2021-08-25</creationDate>
    <author>ConcordPay</author>
    <authorUrl>https://concordpay.concord.ua</authorUrl>
    <copyright>ConcordPay</copyright>
    <license>GNU/GPLv3 https://www.gnu.org/licenses/gpl-3.0.html</license>
    <version>1.2.4</version>
    <description>JoomShopping ConcordPay payment plugin</description>

    <scriptfile>script.php</scriptfile>
    <files>
        <filename plugin="concordpay">pm_concordpay.php</filename>
        <filename>adminparamsform.php</filename>
        <filename>concordpay.png</filename>
        <filename>index.html</filename>
        <filename>paymentform.php</filename>
        <filename>README.md</filename>
        <folder>language</folder>
        <folder>sql</folder>
    </files>

    <updateservers>
        <server type="extension" name="JoomShopping plg_joomshopping_concordpay Update Site">
            <![CDATA[https://raw.githubusercontent.com/webdevconcord/joomla-joomshopping/master/Joomla3_JoomShopping4/update.xml]]></server>
    </updateservers>
</extension>
